InvoiceNo,StockCode,Description,Quantity,InvoiceDate,UnitPrice,CustomerID,Country
530331,22961,JUMBO BAG RED RETROSPOT,37,8/28/2025 17:08,2.08,17013,United Kingdom
530359,22457,CREAM CUPID HEARTS COAT HANGER,51,10/13/2025 11:48,2.75,13181,United Kingdom
530400,21212,PACK OF 72 RETROSPOT CAKE CASES,11,12/18/2025 16:59,0.55,17763,United Kingdom
530024,22720,POPCORN HOLDER,33,9/17/2025 3:55,0.85,17122,United Kingdom
C530303,22961,JUMBO BAG RED RETROSPOT,-2,8/29/2025 1:40,2.08,15169,United Kingdom
530173,22961B,RABBIT NIGHT LIGHT,25,7/30/2025 1:20,2.08,18100,United Kingdom
530078,22383,WHITE HANGING HEART T-LIGHT HOLDER,40,12/6/2025 3:46,2.95,14460,United Kingdom
530047,22197,POPCORN HOLDER,38,9/15/2025 16:10,0.85,12465,EIRE
530184,71053,WHITE METAL LANTERN,16,7/30/2025 18:43,3.39,18492,United Kingdom
530151,21212,PACK OF 72 RETROSPOT CAKE CASES,45,5/20/2025 16:34,0.55,16045,GERMANY
530515,22423,REGENCY CAKESTAND 3 TIER,36,9/8/2025 9:08,12.75,13532,United Kingdom
530503,85099B,PARTY BUNTING,34,10/10/2025 5:21,4.65,16586,PORTUGAL
530339,21212,PACK OF 72 RETROSPOT CAKE CASES,40,2/17/2025 16:41,0.55,13381,United Kingdom
530299,22698,CREAM CUPID HEARTS COAT HANGER,35,11/20/2025 16:36,2.75,13981,SPAIN
530511,21212,PACK OF 72 RETROSPOT CAKE CASES,59,10/30/2025 2:43,0.55,13097,Australia
530276,POST,POSTAGE,42,3/7/2025 21:44,18,18052,Australia
530262,22698,CREAM CUPID HEARTS COAT HANGER,21,3/19/2025 14:04,2.75,15841,GERMANY
530065,21212,PACK OF 72 RETROSPOT CAKE CASES,24,7/3/2025 6:43,0.55,14044,Australia
530492,22961,JUMBO BAG RED RETROSPOT,39,2/25/2025 7:42,2.08,17445,Australia
530351,21755,SET 7 BABUSHKA NESTING BOXES,49,9/13/2025 16:29,8.5,16085,Australia
530362,22698,CREAM CUPID HEARTS COAT HANGER,58,3/13/2025 10:59,2.75,17022,United Kingdom
530261,21172,CREAM CUPID HEARTS COAT HANGER,30,10/24/2025 14:43,2.75,16624,Portugal
530232,22457,CREAM CUPID HEARTS COAT HANGER,52,10/12/2025 1:37,2.75,16600,United Kingdom
530398,22383,WHITE HANGING HEART T-LIGHT HOLDER,20,10/21/2025 0:16,2.95,17354,Eire
530249,71053,WHITE METAL LANTERN,49,5/29/2025 10:07,3.39,12063,United Kingdom
530474,22961,JUMBO BAG RED RETROSPOT,-6,11/3/2025 10:55,2.08,15155,Belgium
530068,22383,WHITE HANGING HEART T-LIGHT HOLDER,51,12/9/2025 23:51,2.95,14032,Belgium
530043,21172,CREAM CUPID HEARTS COAT HANGER,31,7/25/2025 1:10,2.75,15104,Belgium
530336,22197,POPCORN HOLDER,54,9/23/2025 4:19,0.85,13348,Spain
530334,23084,RABBIT NIGHT LIGHT,29,12/15/2025 16:22,2.08,13051,Belgium
530397,84406B,CREAM CUPID HEARTS COAT HANGER,17,5/1/2025 14:48,2.75,14187,Belgium
530175,71053,WHITE METAL LANTERN,32,3/6/2025 16:37,3.39,14719,Belgium
530317,22662,LUNCH BAG SUKI DESIGN,3,11/11/2025 13:17,1.65,17238,United Kingdom
530252,22197,POPCORN HOLDER,28,8/24/2025 2:55,0.85,14564,United Kingdom
530007,22662,LUNCH BAG SUKI DESIGN,35,7/13/2025 2:35,1.65,14401,BELGIUM
530518,21172,CREAM CUPID HEARTS COAT HANGER,27,8/1/2025 22:53,2.75,15636,United Kingdom
530257,21212,PACK OF 72 RETROSPOT CAKE CASES,48,4/24/2025 10:49,0.55,13377,United Kingdom
530230,22383,WHITE HANGING HEART T-LIGHT HOLDER,28,12/7/2025 8:23,2.95,13250,United Kingdom
530211,21755,SET 7 BABUSHKA NESTING BOXES,29,5/1/2025 11:06,8.5,17617,BELGIUM
530318,22197,POPCORN HOLDER,5,7/6/2025 16:51,0.85,18143,United Kingdom
530469,22698,CREAM CUPID HEARTS COAT HANGER,19,2/7/2025 2:17,2.75,13263,United Kingdom
530260,21755,SET 7 BABUSHKA NESTING BOXES,12,3/20/2025 20:04,8.5,13451,Switzerland
530372,22698,CREAM CUPID HEARTS COAT HANGER,59,2/1/2025 22:08,2.75,16249,United Kingdom
530277,85123A,ASSORTED COLOUR BIRD ORNAMENT,0,9/18/2025 11:01,1.69,14970,United Kingdom
530240,22383,WHITE HANGING HEART T-LIGHT HOLDER,23,4/3/2025 4:36,2.95,17384,United Kingdom
530193,22197,POPCORN HOLDER,59,9/12/2025 9:49,0.85,13885,Switzerland
530278,21212,PACK OF 72 RETROSPOT CAKE CASES,12,6/24/2025 15:12,0.55,13855,United Kingdom
530163,71053,WHITE METAL LANTERN,60,8/13/2025 22:31,3.39,12994,United Kingdom
530454,85099B,PARTY BUNTING,13,5/10/2025 11:17,4.65,15251,United Kingdom
530293,22383,WHITE HANGING HEART T-LIGHT HOLDER,60,11/29/2025 10:50,0,13196,United Kingdom
530291,22457,CREAM CUPID HEARTS COAT HANGER,60,8/1/2025 1:25,2.75,16112,United Kingdom
530345,22197,POPCORN HOLDER,11,8/1/2025 15:29,0.85,13671,United Kingdom
530484,22383,WHITE HANGING HEART T-LIGHT HOLDER,19,10/22/2025 7:20,2.95,15080,United Kingdom
530222,22197,POPCORN HOLDER,47,6/4/2025 14:41,0.85,12255,United Kingdom
530444,21172,CREAM CUPID HEARTS COAT HANGER,36,5/12/2025 15:46,2.75,17256,United Kingdom
530218,71053,WHITE METAL LANTERN,1,5/2/2025 18:20,3.39,12129,United Kingdom
530381,21755,SET 7 BABUSHKA NESTING BOXES,13,5/19/2025 17:44,8.5,14225,United Kingdom
530238,22698,CREAM CUPID HEARTS COAT HANGER,44,1/14/2025 19:59,2.75,17388,France
530181,21212,PACK OF 72 RETROSPOT CAKE CASES,15,8/11/2025 3:48,0.55,17191,United Kingdom
530396,20725,LUNCH BAG RED RETROSPOT,12,9/2/2025 10:59,1.65,14032,United Kingdom
530098,21755,SET 7 BABUSHKA NESTING BOXES,5,7/28/2025 10:34,8.5,15816,United Kingdom
530091,22662,LUNCH BAG SUKI DESIGN,9,12/8/2025 16:35,1.65,16877,United Kingdom
530354,21172,,39,5/27/2025 17:00,2.75,12880,United Kingdom
530116,85099B,PARTY BUNTING,7,12/17/2025 19:51,4.65,12991,United Kingdom
530131,22720,POPCORN HOLDER,20,4/29/2025 3:46,0.85,13577,UNITED KINGDOM
530264,85123A,ASSORTED COLOUR BIRD ORNAMENT,5,8/25/2025 14:02,1.69,12466,UNITED KINGDOM
530088,POST,POSTAGE,32,5/5/2025 4:41,18,17633,Australia
530167,22720,POPCORN HOLDER,27,8/30/2025 7:29,0.85,16515,UNITED KINGDOM
530107,22720,POPCORN HOLDER,25,4/19/2025 14:20,0.85,14764,UNITED KINGDOM
530296,21755,SET 7 BABUSHKA NESTING BOXES,54,10/8/2025 23:38,8.5,16323,United Kingdom
530161,22662,LUNCH BAG SUKI DESIGN,27,4/7/2025 16:23,1.65,17100,Belgium
530499,71053,WHITE METAL LANTERN,23,6/25/2025 14:50,3.39,13694,United Kingdom
530347,22457,CREAM CUPID HEARTS COAT HANGER,26,7/9/2025 16:35,2.75,12869,United Kingdom
530456,85099B,PARTY BUNTING,20,12/1/2025 20:48,4.65,12259,United Kingdom
530399,22457,CREAM CUPID HEARTS COAT HANGER,45,2/1/2025 21:07,2.75,15812,United Kingdom
530225,71053,WHITE METAL LANTERN,18,10/8/2025 22:20,3.39,15120,Eire
530114,22961B,RABBIT NIGHT LIGHT,2,10/22/2025 21:58,2.08,15074,United Kingdom
530459,22383,WHITE HANGING HEART T-LIGHT HOLDER,37,9/28/2025 1:14,2.95,13731,United Kingdom
530465,20725,LUNCH BAG RED RETROSPOT,28,2/8/2025 10:38,1.65,18299,United Kingdom
530309,22383,WHITE HANGING HEART T-LIGHT HOLDER,5000,9/21/2025 12:52,2.95,16448,United Kingdom
530072,22720,POPCORN HOLDER,23,7/24/2025 21:53,0.85,16392,United Kingdom
530226,22698,CREAM CUPID HEARTS COAT HANGER,34,8/21/2025 16:38,2.75,15524,United Kingdom
530142,21212,PACK OF 72 RETROSPOT CAKE CASES,56,8/8/2025 9:36,0.55,17087,Spain
530514,POST,POSTAGE,28,9/7/2025 20:34,18,17680,United Kingdom
530408,21755,SET 7 BABUSHKA NESTING BOXES,46,9/8/2025 2:57,8.5,16180,Eire
530192,21212,PACK OF 72 RETROSPOT CAKE CASES,2,5/21/2025 0:36,0.55,17618,Eire
530217,71053,WHITE METAL LANTERN,35,3/31/2025 3:42,3.39,12211,Eire
530197,71053,WHITE METAL LANTERN,6,6/17/2025 23:26,3.39,13438,Eire
530157,22457,CREAM CUPID HEARTS COAT HANGER,27,6/14/2025 21:06,2.75,13317,Eire
530438,22961,JUMBO BAG RED RETROSPOT,0,7/14/2025 14:34,2.08,17314,United Kingdom
530188,22662,LUNCH BAG SUKI DESIGN,58,12/13/2025 17:10,1.65,12605,United Kingdom
530326,21212,PACK OF 72 RETROSPOT CAKE CASES,45,4/13/2025 3:08,0.55,12606,United Kingdom
530517,84406B,,32,4/10/2025 12:35,2.75,16140,United Kingdom
530485,22720,POPCORN HOLDER,53,7/6/2025 3:59,0.85,16619,United Kingdom
530100,22961B,RABBIT NIGHT LIGHT,45,10/22/2025 12:30,2.08,,United Kingdom
530443,71053,WHITE METAL LANTERN,13,4/28/2025 12:36,3.39,14013,United Kingdom
530498,20725,LUNCH BAG RED RETROSPOT,19,2/13/2025 3:53,1.65,17981,United Kingdom
530210,21172,CREAM CUPID HEARTS COAT HANGER,40,5/24/2025 1:44,2.75,15035,United Kingdom
530422,22197,POPCORN HOLDER,16,7/25/2025 14:14,0.85,16421,United Kingdom
530016,22383,WHITE HANGING HEART T-LIGHT HOLDER,14,7/22/2025 20:29,2.95,13170,United Kingdom
530455,23084,RABBIT NIGHT LIGHT,24,8/24/2025 18:15,2.08,,UNITED KINGDOM
530441,21232,JUMBO BAG VINTAGE DOILY,3,4/24/2025 23:09,2.05,12132,Portugal
530241,POST,POSTAGE,5,11/21/2025 0:05,18,18112,United Kingdom
530129,85099B,PARTY BUNTING,20,7/8/2025 15:35,4.65,16349,Eire
530288,22961,JUMBO BAG RED RETROSPOT,60,12/31/2025 16:54,2.08,13021,United Kingdom
530060,85123A,  ASSORTED COLOUR BIRD ORNAMENT  ,32,1/27/2025 2:40,1.69,15469,United Kingdom
530214,22698,CREAM CUPID HEARTS COAT HANGER,2,6/20/2025 7:08,2.75,18446,United Kingdom
530006,20725,LUNCH BAG RED RETROSPOT,23,11/6/2025 8:51,1.65,12355,United Kingdom
530266,22698,CREAM CUPID HEARTS COAT HANGER,39,7/16/2025 14:37,2.75,16540,United Kingdom
530219,22423,REGENCY CAKESTAND 3 TIER,17,3/6/2025 23:26,12.75,16309,United Kingdom
530062,22423,REGENCY CAKESTAND 3 TIER,48,10/10/2025 22:27,12.75,16594,United Kingdom
530327,22662,LUNCH BAG SUKI DESIGN,12,2/14/2025 21:54,1.65,14618,United Kingdom
C530154,22961B,RABBIT NIGHT LIGHT,-2,10/23/2025 1:48,2.08,18195,United Kingdom
530146,22197,POPCORN HOLDER,15,12/28/2025 9:44,0.85,15719,United Kingdom
530119,21172,CREAM CUPID HEARTS COAT HANGER,7,7/5/2025 20:57,2.75,15766,United Kingdom
530433,21755,SET 7 BABUSHKA NESTING BOXES,4,7/13/2025 21:38,8.5,16939,United Kingdom
530506,21232,JUMBO BAG VINTAGE DOILY,25,12/27/2025 6:13,2.05,14280,United Kingdom
530223,22197,POPCORN HOLDER,31,8/7/2025 21:06,0.85,16016,United Kingdom
530343,84406B,CREAM CUPID HEARTS COAT HANGER,32,5/29/2025 20:19,2.75,15956,United Kingdom
530001,20725,LUNCH BAG RED RETROSPOT,44,2/14/2025 18:27,1.65,12260,United Kingdom
530190,22720,POPCORN HOLDER,30,4/12/2025 12:54,0.85,15958,United Kingdom
530061,22720,,3,6/20/2025 4:40,0.85,14145,United Kingdom
530010,20725,LUNCH BAG RED RETROSPOT,25,8/21/2025 20:53,1.65,14988,United Kingdom
530102,22961,JUMBO BAG RED RETROSPOT,52,4/23/2025 15:14,2.08,14235,Switzerland
530081,22423,REGENCY CAKESTAND 3 TIER,40,6/4/2025 12:35,12.75,12003,Portugal
530183,22197,POPCORN HOLDER,21,5/31/2025 11:23,0.85,15528,United Kingdom
530333,85123A,ASSORTED COLOUR BIRD ORNAMENT,27,10/22/2025 2:08,1.69,14597,United Kingdom
530410,22662,LUNCH BAG SUKI DESIGN,37,10/14/2025 14:43,1.65,14524,United Kingdom
530152,22662,LUNCH BAG SUKI DESIGN,6,1/21/2025 13:47,1.65,14640,Belgium
530050,22197,POPCORN HOLDER,40,8/3/2025 21:37,0.85,16630,United Kingdom
530034,22197,POPCORN HOLDER,15,1/17/2025 10:04,0.85,16211,United Kingdom
530108,POST,POSTAGE,18,5/10/2025 2:30,18,12158,United Kingdom
530194,22698,CREAM CUPID HEARTS COAT HANGER,52,4/23/2025 20:12,2.75,17086,United Kingdom
530139,22197,POPCORN HOLDER,10,10/16/2025 9:05,0.85,14033,United Kingdom
530378,22720,POPCORN HOLDER,19,10/21/2025 21:34,0.85,15110,United Kingdom
530374,22383,WHITE HANGING HEART T-LIGHT HOLDER,12,9/30/2025 10:34,2.95,14902,United Kingdom
530329,22423,REGENCY CAKESTAND 3 TIER,46,7/5/2025 16:14,12.75,12994,United Kingdom
530111,22698,CREAM CUPID HEARTS COAT HANGER,10,3/6/2025 15:42,2.75,12937,United Kingdom
530035,85099B,PARTY BUNTING,18,4/20/2025 17:08,4.65,17925,United Kingdom
530476,85099B,PARTY BUNTING,37,3/28/2025 21:24,4.65,13388,United Kingdom
530164,84406B,CREAM CUPID HEARTS COAT HANGER,41,5/3/2025 22:10,2.75,14545,Switzerland
530442,22720,POPCORN HOLDER,36,10/24/2025 23:26,0.85,14418,Eire
530273,21212,PACK OF 72 RETROSPOT CAKE CASES,17,3/18/2025 10:05,0.55,16773,Switzerland
530026,22423,REGENCY CAKESTAND 3 TIER,35,1/1/2025 19:20,12.75,16002,United Kingdom
530195,22720,POPCORN HOLDER,44,11/18/2025 3:57,0.85,17140,United Kingdom
530269,23084,RABBIT NIGHT LIGHT,33,1/21/2025 7:45,2.08,15586,United Kingdom
530358,22720,POPCORN HOLDER,53,3/2/2025 4:06,0.85,15226,Australia
530099,21232,JUMBO BAG VINTAGE DOILY,4,8/4/2025 12:57,2.05,18306,United Kingdom
530297,21232,JUMBO BAG VINTAGE DOILY,8,5/2/2025 9:07,2.05,12391,United Kingdom
530473,22961,JUMBO BAG RED RETROSPOT,33,2/22/2025 0:05,2.08,14899,United Kingdom
530461,22961,JUMBO BAG RED RETROSPOT,37,4/2/2025 10:01,2.08,13697,United Kingdom
530173,22961B,RABBIT NIGHT LIGHT,25,7/30/2025 1:20,2.08,18100,United Kingdom
530325,20725,LUNCH BAG RED RETROSPOT,17,12/27/2025 14:13,1.65,17012,United Kingdom
530070,85099B,PARTY BUNTING,13,6/29/2025 9:52,4.65,13864,United Kingdom
530172,22961,JUMBO BAG RED RETROSPOT,25,6/14/2025 6:44,2.08,13956,United Kingdom
530481,84406B,CREAM CUPID HEARTS COAT HANGER,26,11/14/2025 12:51,0,14699,United Kingdom
530302,22457,CREAM CUPID HEARTS COAT HANGER,5,10/6/2025 16:50,2.75,16158,United Kingdom
530314,21232,JUMBO BAG VINTAGE DOILY,6,11/5/2025 5:34,2.05,14406,United Kingdom
530080,22961,JUMBO BAG RED RETROSPOT,9,8/4/2025 21:24,2.08,17548,United Kingdom
530467,22662,LUNCH BAG SUKI DESIGN,32,7/2/2025 17:24,1.65,15537,United Kingdom
530470,POST,POSTAGE,46,7/19/2025 10:23,18,12872,United Kingdom
530365,22961B,RABBIT NIGHT LIGHT,20,1/9/2025 11:21,2.08,17519,United Kingdom
530308,22197,POPCORN HOLDER,19,1/23/2025 6:56,0.85,12343,United Kingdom
530126,22720,POPCORN HOLDER,36,9/22/2025 6:05,0.85,13977,United Kingdom
530228,22961,JUMBO BAG RED RETROSPOT,47,8/9/2025 14:56,2.08,13871,United Kingdom
530056,22662,LUNCH BAG SUKI DESIGN,54,12/27/2025 9:39,1.65,17357,United Kingdom
530253,22961B,RABBIT NIGHT LIGHT,28,7/27/2025 22:40,2.08,15421,Netherlands
530037,21755,SET 7 BABUSHKA NESTING BOXES,7,12/4/2025 13:22,8.5,15469,United Kingdom
530066,20725,LUNCH BAG RED RETROSPOT,23,7/28/2025 19:47,1.65,13266,France
530375,22720,POPCORN HOLDER,40,4/9/2025 7:17,0.85,16571,United Kingdom
530012,23084,RABBIT NIGHT LIGHT,39,10/1/2025 23:15,2.08,13338,United Kingdom
530097,23084,RABBIT NIGHT LIGHT,9,4/29/2025 12:44,2.08,13251,United Kingdom
530130,22457,CREAM CUPID HEARTS COAT HANGER,28,6/19/2025 11:44,2.75,15717,Germany
530504,21232,JUMBO BAG VINTAGE DOILY,30,7/27/2025 20:11,2.05,13526,United Kingdom
530480,22698,CREAM CUPID HEARTS COAT HANGER,40,8/23/2025 3:08,2.75,14495,United Kingdom
530084,21172,CREAM CUPID HEARTS COAT HANGER,51,12/4/2025 2:18,2.75,16222,United Kingdom
530418,22961,JUMBO BAG RED RETROSPOT,28,7/14/2025 7:15,2.08,15773,United Kingdom
530411,84406B,CREAM CUPID HEARTS COAT HANGER,26,1/2/2025 23:13,2.75,16737,United Kingdom
530174,21172,CREAM CUPID HEARTS COAT HANGER,46,7/17/2025 21:50,2.75,17341,United Kingdom
530149,22720,POPCORN HOLDER,53,2/6/2025 1:10,0.85,18493,United Kingdom
530101,22457,CREAM CUPID HEARTS COAT HANGER,20,8/3/2025 17:47,2.75,18018,United Kingdom
530471,23084,RABBIT NIGHT LIGHT,1,8/16/2025 11:48,2.08,14209,United Kingdom
530483,22383,WHITE HANGING HEART T-LIGHT HOLDER,39,9/3/2025 10:11,2.95,15262,United Kingdom
530403,22698,CREAM CUPID HEARTS COAT HANGER,24,12/26/2025 17:58,2.75,15857,United Kingdom
530478,22423,REGENCY CAKESTAND 3 TIER,28,8/4/2025 9:30,12.75,18411,United Kingdom
530212,22457,CREAM CUPID HEARTS COAT HANGER,35,2/1/2025 12:17,2.75,13554,United Kingdom
530076,21755,SET 7 BABUSHKA NESTING BOXES,17,12/29/2025 13:00,8.5,16259,United Kingdom
530457,23084,RABBIT NIGHT LIGHT,26,7/13/2025 17:30,2.08,12459,United Kingdom
530147,23084,RABBIT NIGHT LIGHT,44,5/16/2025 20:37,2.08,17416,United Kingdom
530350,21232,JUMBO BAG VINTAGE DOILY,16,6/17/2025 18:46,2.05,14561,United Kingdom
530413,22197,POPCORN HOLDER,60,8/30/2025 1:18,0.85,15349,United Kingdom
530236,85099B,PARTY BUNTING,55,6/29/2025 17:23,4.65,12941,United Kingdom
530113,22423,REGENCY CAKESTAND 3 TIER,39,2/28/2025 5:19,12.75,12885,Switzerland
530176,20725,LUNCH BAG RED RETROSPOT,56,2/21/2025 16:58,1.65,,Switzerland
530227,20725,LUNCH BAG RED RETROSPOT,51,12/2/2025 20:56,1.65,18299,Switzerland
530468,22423,REGENCY CAKESTAND 3 TIER,44,12/5/2025 12:05,12.75,18325,Eire
530052,85099B,PARTY BUNTING,17,3/9/2025 21:41,4.65,14457,United Kingdom
530027,84406B,CREAM CUPID HEARTS COAT HANGER,8,6/7/2025 7:03,2.75,13973,United Kingdom
530419,22457,CREAM CUPID HEARTS COAT HANGER,10,4/7/2025 23:48,2.75,12924,United Kingdom
530500,85123A,ASSORTED COLOUR BIRD ORNAMENT,31,9/1/2025 3:28,1.69,17914,United Kingdom
530064,22457,CREAM CUPID HEARTS COAT HANGER,38,3/17/2025 13:08,2.75,12342,Germany
530109,22961,JUMBO BAG RED RETROSPOT,4,4/25/2025 20:04,2.08,,United Kingdom
530155,22423,REGENCY CAKESTAND 3 TIER,31,11/30/2025 14:58,12.75,14278,United Kingdom
530370,22961B,RABBIT NIGHT LIGHT,45,4/8/2025 0:28,2.08,14569,United Kingdom
530110,22197,POPCORN HOLDER,49,5/7/2025 6:53,0.85,12166,United Kingdom
530038,21232,JUMBO BAG VINTAGE DOILY,30,12/11/2025 20:41,2.05,12806,United Kingdom
530105,84406B,CREAM CUPID HEARTS COAT HANGER,59,10/31/2025 18:42,2.75,12222,United Kingdom
530231,21172,CREAM CUPID HEARTS COAT HANGER,5,2/13/2025 2:27,2.75,12791,United Kingdom
C530428,POST,POSTAGE,-51,6/13/2025 22:26,18,15344,United Kingdom
530166,22662,LUNCH BAG SUKI DESIGN,8,9/13/2025 22:18,1.65,16168,United Kingdom
530440,22662,LUNCH BAG SUKI DESIGN,7,6/13/2025 6:23,1.65,14563,United Kingdom
530513,71053,WHITE METAL LANTERN,33,8/3/2025 19:08,3.39,16708,United Kingdom
530075,22383,WHITE HANGING HEART T-LIGHT HOLDER,28,9/19/2025 3:24,0,16723,Switzerland
530312,21232,JUMBO BAG VINTAGE DOILY,57,8/14/2025 12:21,2.05,13530,United Kingdom
530281,22698,CREAM CUPID HEARTS COAT HANGER,9,7/12/2025 4:10,2.75,13481,Belgium
530121,22961,JUMBO BAG RED RETROSPOT,50,8/27/2025 13:52,2.08,17988,United Kingdom
530282,22698,CREAM CUPID HEARTS COAT HANGER,52,8/13/2025 1:26,2.75,14984,United Kingdom
530295,21172,CREAM CUPID HEARTS COAT HANGER,29,1/3/2025 2:01,2.75,14096,Australia
530069,22720,POPCORN HOLDER,11,7/15/2025 1:54,0.85,15855,United Kingdom
530160,20725,LUNCH BAG RED RETROSPOT,50,9/21/2025 0:42,1.65,16444,United Kingdom
530404,22961,JUMBO BAG RED RETROSPOT,52,5/7/2025 21:48,2.08,16880,United Kingdom
530138,21172,CREAM CUPID HEARTS COAT HANGER,0,7/25/2025 15:04,2.75,16726,United Kingdom
530287,22698,CREAM CUPID HEARTS COAT HANGER,9,1/27/2025 20:30,2.75,15040,United Kingdom
530058,22720,POPCORN HOLDER,8,10/11/2025 4:17,0.85,14308,United Kingdom
530379,POST,POSTAGE,53,3/16/2025 9:02,18,14356,United Kingdom
530384,21172,CREAM CUPID HEARTS COAT HANGER,7,1/3/2025 17:59,2.75,13293,United Kingdom
530208,71053,WHITE METAL LANTERN,25,7/9/2025 21:47,3.39,17705,United Kingdom
530057,85123A,ASSORTED COLOUR BIRD ORNAMENT,1,6/3/2025 21:06,1.69,13100,Germany
530087,23084,RABBIT NIGHT LIGHT,30,11/19/2025 18:12,2.08,17884,United Kingdom
530170,21212,PACK OF 72 RETROSPOT CAKE CASES,47,10/28/2025 18:42,0.55,16011,United Kingdom
530324,84406B,CREAM CUPID HEARTS COAT HANGER,48,9/13/2025 16:24,2.75,16601,United Kingdom
530458,84406B,CREAM CUPID HEARTS COAT HANGER,45,2/12/2025 15:54,2.75,15554,United Kingdom
530388,22197,POPCORN HOLDER,59,8/2/2025 5:59,0.85,12297,United Kingdom
530392,85123A,ASSORTED COLOUR BIRD ORNAMENT,30,4/9/2025 3:21,1.69,13331,United Kingdom
530092,22383,WHITE HANGING HEART T-LIGHT HOLDER,49,11/10/2025 23:57,2.95,16135,United Kingdom
530199,22423,REGENCY CAKESTAND 3 TIER,17,6/1/2025 23:55,12.75,14774,United Kingdom
530106,23084,RABBIT NIGHT LIGHT,42,3/11/2025 14:11,2.08,12411,United Kingdom
530029,71053,WHITE METAL LANTERN,9,10/9/2025 5:16,3.39,16322,United Kingdom
530319,22423,REGENCY CAKESTAND 3 TIER,2,11/8/2025 21:50,12.75,15589,United Kingdom
530191,20725,LUNCH BAG RED RETROSPOT,16,10/20/2025 11:36,1.65,14423,United Kingdom
530280,22961,JUMBO BAG RED RETROSPOT,54,1/20/2025 21:21,2.08,,United Kingdom
530245,21232,JUMBO BAG VINTAGE DOILY,32,8/15/2025 13:17,2.05,13765,Switzerland
530017,22720,POPCORN HOLDER,9,10/15/2025 17:16,0.85,18119,United Kingdom
530272,22383,WHITE HANGING HEART T-LIGHT HOLDER,5,2/18/2025 17:43,2.95,15166,United Kingdom
530002,84406B,CREAM CUPID HEARTS COAT HANGER,6,4/30/2025 16:38,2.75,12217,United Kingdom
530059,22698,CREAM CUPID HEARTS COAT HANGER,14,4/15/2025 21:40,2.75,14162,United Kingdom
530242,85123A,ASSORTED COLOUR BIRD ORNAMENT,14,8/3/2025 14:21,1.69,13289,United Kingdom
530063,84406B,CREAM CUPID HEARTS COAT HANGER,8,12/20/2025 4:34,2.75,12295,United Kingdom
530025,21212,PACK OF 72 RETROSPOT CAKE CASES,54,11/8/2025 6:09,0.55,15063,UNITED KINGDOM
530383,85123A,ASSORTED COLOUR BIRD ORNAMENT,15,1/27/2025 3:26,1.69,14705,United Kingdom
530493,22457,CREAM CUPID HEARTS COAT HANGER,11,1/23/2025 18:41,2.75,17549,Australia
C530124,22383,WHITE HANGING HEART T-LIGHT HOLDER,-2,6/16/2025 5:31,2.95,13737,United Kingdom
530486,21755,SET 7 BABUSHKA NESTING BOXES,38,4/3/2025 21:49,8.5,16506,United Kingdom
530387,23084,  RABBIT NIGHT LIGHT  ,0,4/29/2025 17:47,2.08,17923,Netherlands
530020,22423,REGENCY CAKESTAND 3 TIER,51,11/2/2025 2:24,12.75,15126,United Kingdom
530310,21172,CREAM CUPID HEARTS COAT HANGER,17,11/28/2025 6:18,2.75,14924,United Kingdom
530187,22662,LUNCH BAG SUKI DESIGN,41,8/24/2025 8:42,1.65,12076,United Kingdom
530207,21212,PACK OF 72 RETROSPOT CAKE CASES,32,2/19/2025 7:56,0.55,16403,United Kingdom
530311,22197,POPCORN HOLDER,56,5/20/2025 3:51,0.85,15014,United Kingdom
530426,21212,PACK OF 72 RETROSPOT CAKE CASES,18,10/13/2025 18:56,0.55,18022,United Kingdom
530373,21755,SET 7 BABUSHKA NESTING BOXES,36,12/6/2025 15:33,8.5,15086,United Kingdom
530104,POST,POSTAGE,47,8/28/2025 4:39,18,16375,United Kingdom
530274,71053,WHITE METAL LANTERN,59,6/8/2025 20:44,3.39,17424,United Kingdom
C530332,23084,RABBIT NIGHT LIGHT,-5,7/23/2025 22:46,2.08,15921,United Kingdom
530323,22457,CREAM CUPID HEARTS COAT HANGER,26,11/29/2025 8:15,2.75,12929,United Kingdom
530305,20725,LUNCH BAG RED RETROSPOT,50,6/20/2025 4:02,1.65,14886,Eire
530036,22961B,RABBIT NIGHT LIGHT,37,5/5/2025 15:51,2.08,15334,United Kingdom
530279,71053,WHITE METAL LANTERN,10,6/1/2025 3:32,3.39,18315,United Kingdom
530019,85123A,ASSORTED COLOUR BIRD ORNAMENT,32,1/25/2025 3:09,1.69,17140,United Kingdom
530394,21212,PACK OF 72 RETROSPOT CAKE CASES,37,3/31/2025 19:54,0.55,17232,United Kingdom
C530367,84406B,CREAM CUPID HEARTS COAT HANGER,-39,5/16/2025 20:50,2.75,18358,United Kingdom
530475,84406B,CREAM CUPID HEARTS COAT HANGER,19,7/18/2025 2:46,2.75,16583,United Kingdom
530120,71053,WHITE METAL LANTERN,28,9/25/2025 20:17,3.39,17045,United Kingdom
530307,22423,REGENCY CAKESTAND 3 TIER,52,2/2/2025 22:49,12.75,15749,United Kingdom
530436,21755,SET 7 BABUSHKA NESTING BOXES,60,3/2/2025 23:48,8.5,15923,United Kingdom
530275,POST,POSTAGE,9,12/29/2025 2:19,18,16578,Belgium
530132,22383,WHITE HANGING HEART T-LIGHT HOLDER,8,12/20/2025 5:12,2.95,13772,United Kingdom
530202,84406B,CREAM CUPID HEARTS COAT HANGER,17,3/5/2025 14:23,2.75,17511,United Kingdom
530425,85099B,PARTY BUNTING,20,12/5/2025 16:14,4.65,15387,United Kingdom
530189,22662,LUNCH BAG SUKI DESIGN,23,6/3/2025 20:27,1.65,17655,Spain
530198,21755,SET 7 BABUSHKA NESTING BOXES,9,7/7/2025 16:32,8.5,14232,United Kingdom
530247,22961B,RABBIT NIGHT LIGHT,32,12/8/2025 9:02,2.08,13806,United Kingdom
530005,22720,POPCORN HOLDER,10,6/22/2025 3:05,0.85,15112,United Kingdom
530148,21755,SET 7 BABUSHKA NESTING BOXES,28,10/6/2025 7:41,8.5,13220,United Kingdom
530405,23084,RABBIT NIGHT LIGHT,34,9/28/2025 22:23,2.08,12639,United Kingdom
530401,21212,PACK OF 72 RETROSPOT CAKE CASES,45,11/24/2025 9:23,0.55,17035,United Kingdom
530460,22961B,RABBIT NIGHT LIGHT,31,1/24/2025 2:43,2.08,14296,United Kingdom
530204,85099B,PARTY BUNTING,31,11/14/2025 17:20,4.65,16997,United Kingdom
530412,23084,RABBIT NIGHT LIGHT,3,6/26/2025 22:04,2.08,16433,United Kingdom
530021,22698,CREAM CUPID HEARTS COAT HANGER,30,5/9/2025 17:55,2.75,12094,United Kingdom
530349,71053,WHITE METAL LANTERN,7,5/29/2025 12:55,3.39,17041,United Kingdom
530127,21232,JUMBO BAG VINTAGE DOILY,32,5/4/2025 22:30,2.05,17291,FRANCE
530049,85099B,PARTY BUNTING,26,10/19/2025 7:37,4.65,16870,United Kingdom
530489,21212,PACK OF 72 RETROSPOT CAKE CASES,16,12/4/2025 4:45,0.55,,United Kingdom
530390,22197,POPCORN HOLDER,1,10/18/2025 19:06,0.85,14744,United Kingdom
530389,POST,POSTAGE,51,4/6/2025 23:55,18,14371,United Kingdom
530516,22383,WHITE HANGING HEART T-LIGHT HOLDER,54,11/14/2025 1:55,2.95,14941,United Kingdom
530294,71053,WHITE METAL LANTERN,3,8/30/2025 22:53,3.39,13136,United Kingdom
C530251,85099B,PARTY BUNTING,-33,12/9/2025 11:04,4.65,15252,France
530304,22457,CREAM CUPID HEARTS COAT HANGER,17,7/2/2025 2:22,2.75,13975,United Kingdom
530385,21232,JUMBO BAG VINTAGE DOILY,42,9/2/2025 20:12,2.05,18192,United Kingdom
530424,22961B,,21,11/3/2025 21:52,2.08,14626,Netherlands
530117,22961B,RABBIT NIGHT LIGHT,51,6/27/2025 17:27,2.08,17419,United Kingdom
530270,22662,LUNCH BAG SUKI DESIGN,34,11/9/2025 5:23,1.65,15054,United Kingdom
530315,22383,WHITE HANGING HEART T-LIGHT HOLDER,7,6/17/2025 21:18,2.95,14510,United Kingdom
530000,20725,LUNCH BAG RED RETROSPOT,2,5/6/2025 7:08,1.65,18033,United Kingdom
530335,22961,JUMBO BAG RED RETROSPOT,41,4/4/2025 4:27,2.08,16119,Spain
530300,71053,WHITE METAL LANTERN,19,1/1/2025 19:22,3.39,13970,United Kingdom
530055,22457,CREAM CUPID HEARTS COAT HANGER,57,5/6/2025 11:18,2.75,,United Kingdom
530439,22457,,20,7/4/2025 16:56,2.75,16073,United Kingdom
530341,22698,CREAM CUPID HEARTS COAT HANGER,22,1/22/2025 0:05,2.75,12372,Portugal
530416,22961,JUMBO BAG RED RETROSPOT,9,3/2/2025 5:34,2.08,15219,United Kingdom
530083,22383,WHITE HANGING HEART T-LIGHT HOLDER,30,8/15/2025 21:13,2.95,16187,United Kingdom
530316,22662,LUNCH BAG SUKI DESIGN,39,3/27/2025 22:28,1.65,14879,United Kingdom
530205,85099B,PARTY BUNTING,42,11/22/2025 14:58,4.65,17743,United Kingdom
530452,22720,POPCORN HOLDER,35,1/9/2025 16:52,0.85,17716,United Kingdom
530466,22698,CREAM CUPID HEARTS COAT HANGER,39,6/17/2025 0:40,2.75,14239,United Kingdom
530301,22961B,RABBIT NIGHT LIGHT,27,12/7/2025 21:05,2.08,16288,United Kingdom
530186,22698,CREAM CUPID HEARTS COAT HANGER,44,9/12/2025 18:09,2.75,13902,United Kingdom
530086,21755,SET 7 BABUSHKA NESTING BOXES,10,1/24/2025 7:30,8.5,17007,United Kingdom
530046,22197,POPCORN HOLDER,38,2/1/2025 23:20,0.85,12468,United Kingdom
530361,22197,,9,8/31/2025 16:29,0.85,13220,United Kingdom
530162,21172,CREAM CUPID HEARTS COAT HANGER,41,1/27/2025 6:17,2.75,16499,United Kingdom
530298,85099B,PARTY BUNTING,27,2/2/2025 3:53,4.65,16094,United Kingdom
530221,85123A,ASSORTED COLOUR BIRD ORNAMENT,38,8/20/2025 16:14,1.69,17038,United Kingdom
530451,22961,JUMBO BAG RED RETROSPOT,36,1/7/2025 0:33,2.08,17916,United Kingdom
530491,22961,  JUMBO BAG RED RETROSPOT  ,33,10/6/2025 1:50,2.08,14945,United Kingdom
530368,22961B,RABBIT NIGHT LIGHT,37,1/27/2025 18:30,2.08,13396,United Kingdom
530258,23084,RABBIT NIGHT LIGHT,33,9/29/2025 16:12,2.08,18358,United Kingdom
530137,21172,CREAM CUPID HEARTS COAT HANGER,31,6/24/2025 5:03,2.75,14068,United Kingdom
530391,21212,PACK OF 72 RETROSPOT CAKE CASES,30,9/26/2025 15:56,0.55,13099,United Kingdom
530330,21755,SET 7 BABUSHKA NESTING BOXES,51,5/2/2025 15:01,8.5,14956,United Kingdom
530487,84406B,CREAM CUPID HEARTS COAT HANGER,47,12/29/2025 6:28,2.75,14386,United Kingdom
530196,22197,POPCORN HOLDER,20,1/18/2025 18:23,0.85,17999,United Kingdom
530180,21172,CREAM CUPID HEARTS COAT HANGER,56,1/19/2025 19:04,2.75,13923,United Kingdom
530009,22197,POPCORN HOLDER,43,5/29/2025 2:54,0.85,13907,United Kingdom
530259,22457,CREAM CUPID HEARTS COAT HANGER,23,5/1/2025 3:09,2.75,14096,United Kingdom
530032,85099B,PARTY BUNTING,15,6/23/2025 0:37,4.65,16537,United Kingdom
530434,22197,POPCORN HOLDER,56,4/7/2025 18:46,0.85,17500,United Kingdom
530263,22662,LUNCH BAG SUKI DESIGN,41,5/21/2025 18:03,1.65,14883,United Kingdom
530147,23084,RABBIT NIGHT LIGHT,44,5/16/2025 20:37,2.08,17416,United Kingdom
530103,21232,JUMBO BAG VINTAGE DOILY,32,7/19/2025 10:42,2.05,17563,United Kingdom
530039,22197,POPCORN HOLDER,26,2/25/2025 7:12,0.85,13558,United Kingdom
530028,22961B,RABBIT NIGHT LIGHT,6,9/6/2025 2:48,2.08,16363,United Kingdom
530215,22961B,RABBIT NIGHT LIGHT,14,10/11/2025 6:37,2.08,13769,United Kingdom
530450,22698,CREAM CUPID HEARTS COAT HANGER,59,12/4/2025 15:01,2.75,12054,United Kingdom
530169,23084,RABBIT NIGHT LIGHT,18,6/24/2025 16:17,2.08,12021,United Kingdom
530495,22720,POPCORN HOLDER,15,9/23/2025 17:37,0.85,17633,United Kingdom
530376,21212,PACK OF 72 RETROSPOT CAKE CASES,15,5/28/2025 22:13,0.55,17654,United Kingdom
530206,21212,PACK OF 72 RETROSPOT CAKE CASES,42,3/1/2025 4:02,0.55,12304,United Kingdom
530153,22698,CREAM CUPID HEARTS COAT HANGER,17,2/16/2025 7:43,0,16712,United Kingdom
530480,22698,CREAM CUPID HEARTS COAT HANGER,40,8/23/2025 3:08,2.75,14495,United Kingdom
530030,22698,CREAM CUPID HEARTS COAT HANGER,28,10/4/2025 23:44,2.75,13647,United Kingdom
530255,22662,LUNCH BAG SUKI DESIGN,54,2/15/2025 13:54,1.65,12867,United Kingdom
530328,22457,CREAM CUPID HEARTS COAT HANGER,46,10/9/2025 17:18,2.75,14457,United Kingdom
530213,20725,LUNCH BAG RED RETROSPOT,55,2/16/2025 21:13,1.65,17256,United Kingdom
530136,71053,WHITE METAL LANTERN,41,2/22/2025 0:36,3.39,14329,United Kingdom
530449,21755,SET 7 BABUSHKA NESTING BOXES,33,7/11/2025 1:39,8.5,17224,United Kingdom
530346,22383,WHITE HANGING HEART T-LIGHT HOLDER,39,6/10/2025 22:20,2.95,18014,United Kingdom
530421,23084,RABBIT NIGHT LIGHT,7,1/18/2025 14:38,2.08,17505,Belgium
530386,21212,PACK OF 72 RETROSPOT CAKE CASES,21,11/27/2025 1:58,0.55,18297,United Kingdom
530168,71053,,25,11/3/2025 16:47,3.39,13118,United Kingdom
530519,21172,CREAM CUPID HEARTS COAT HANGER,11,10/17/2025 0:50,2.75,18234,United Kingdom
530229,21232,JUMBO BAG VINTAGE DOILY,22,7/24/2025 13:46,2.05,12778,United Kingdom
530224,22662,LUNCH BAG SUKI DESIGN,5,6/14/2025 19:09,1.65,12538,United Kingdom
530171,71053,WHITE METAL LANTERN,29,9/5/2025 11:21,3.39,16521,United Kingdom
530377,21172,CREAM CUPID HEARTS COAT HANGER,21,6/28/2025 17:59,2.75,17911,United Kingdom
530267,22197,POPCORN HOLDER,29,11/30/2025 6:20,0.85,16956,Netherlands
530115,POST,POSTAGE,46,2/8/2025 18:44,18,17138,United Kingdom
530423,21755,SET 7 BABUSHKA NESTING BOXES,49,3/13/2025 16:18,8.5,13918,United Kingdom
530048,85123A,ASSORTED COLOUR BIRD ORNAMENT,6,2/5/2025 19:04,1.69,17531,United Kingdom
530507,23084,RABBIT NIGHT LIGHT,37,10/2/2025 5:23,2.08,14670,United Kingdom
530477,71053,WHITE METAL LANTERN,18,5/18/2025 15:09,3.39,12518,United Kingdom
530437,85099B,PARTY BUNTING,45,12/27/2025 6:25,4.65,13960,Switzerland
530429,71053,WHITE METAL LANTERN,20,4/5/2025 17:30,3.39,13974,United Kingdom
530082,21212,PACK OF 72 RETROSPOT CAKE CASES,19,8/9/2025 18:38,0.55,17363,United Kingdom
530355,21232,JUMBO BAG VINTAGE DOILY,9,7/7/2025 12:23,2.05,12370,United Kingdom
530095,85123A,ASSORTED COLOUR BIRD ORNAMENT,32,5/21/2025 14:04,1.69,17845,United Kingdom
530067,85099B,PARTY BUNTING,56,4/1/2025 13:01,4.65,13469,United Kingdom
530322,22457,CREAM CUPID HEARTS COAT HANGER,24,2/9/2025 18:08,2.75,16337,United Kingdom
530096,21212,PACK OF 72 RETROSPOT CAKE CASES,16,6/21/2025 10:57,0.55,16424,United Kingdom
530022,20725,LUNCH BAG RED RETROSPOT,44,5/17/2025 20:21,1.65,12913,United Kingdom
530254,21212,PACK OF 72 RETROSPOT CAKE CASES,8,1/11/2025 10:10,0.55,17063,United Kingdom
530380,23084,RABBIT NIGHT LIGHT,23,12/2/2025 8:47,2.08,15924,United Kingdom
530244,71053,WHITE METAL LANTERN,7500,12/12/2025 2:17,3.39,15629,United Kingdom
530417,85123A,ASSORTED COLOUR BIRD ORNAMENT,9,1/2/2025 0:19,1.69,15792,United Kingdom
530357,21212,PACK OF 72 RETROSPOT CAKE CASES,5,9/16/2025 14:48,0.55,16504,United Kingdom
530159,22961,JUMBO BAG RED RETROSPOT,3,2/15/2025 10:16,2.08,14648,United Kingdom
530415,22457,CREAM CUPID HEARTS COAT HANGER,58,8/18/2025 12:24,2.75,12657,United Kingdom
530144,23084,RABBIT NIGHT LIGHT,11,3/30/2025 17:04,2.08,13282,United Kingdom
530209,22961,JUMBO BAG RED RETROSPOT,27,3/21/2025 13:41,2.08,12811,Spain
530488,23084,RABBIT NIGHT LIGHT,53,12/11/2025 15:08,2.08,17188,United Kingdom
530431,21232,JUMBO BAG VINTAGE DOILY,36,3/10/2025 12:15,2.05,14088,United Kingdom
530090,85123A,ASSORTED COLOUR BIRD ORNAMENT,30,10/13/2025 7:58,1.69,12994,United Kingdom
530041,85099B,PARTY BUNTING,56,8/15/2025 17:06,4.65,12414,United Kingdom
530233,22961,JUMBO BAG RED RETROSPOT,22,7/30/2025 11:55,2.08,17450,United Kingdom
530337,22423,REGENCY CAKESTAND 3 TIER,21,6/27/2025 16:57,12.75,14326,United Kingdom
530414,22423,REGENCY CAKESTAND 3 TIER,50,11/25/2025 23:41,12.75,,United Kingdom
530435,22961,JUMBO BAG RED RETROSPOT,14,4/17/2025 10:19,2.08,12125,United Kingdom
530366,20725,LUNCH BAG RED RETROSPOT,27,6/7/2025 23:55,1.65,17636,Eire
530053,22662,LUNCH BAG SUKI DESIGN,21,1/5/2025 14:39,1.65,16612,Eire
530178,21172,CREAM CUPID HEARTS COAT HANGER,51,6/23/2025 19:44,2.75,15256,Eire
530273,21212,PACK OF 72 RETROSPOT CAKE CASES,17,3/18/2025 10:05,0.55,16773,Switzerland
530494,POST,POSTAGE,49,8/9/2025 3:00,18,12807,United Kingdom
530427,22423,REGENCY CAKESTAND 3 TIER,41,10/12/2025 15:03,12.75,14821,United Kingdom
530051,85123A,ASSORTED COLOUR BIRD ORNAMENT,21,4/15/2025 21:45,1.69,14573,United Kingdom
530014,22383,WHITE HANGING HEART T-LIGHT HOLDER,54,4/28/2025 1:51,2.95,14584,United Kingdom
530432,21755,SET 7 BABUSHKA NESTING BOXES,22,8/19/2025 11:05,0,16387,United Kingdom
530338,23084,RABBIT NIGHT LIGHT,17,11/22/2025 17:17,2.08,13025,United Kingdom
530340,22961B,RABBIT NIGHT LIGHT,38,3/29/2025 21:39,2.08,17903,United Kingdom
530272,22383,WHITE HANGING HEART T-LIGHT HOLDER,5,2/18/2025 17:43,2.95,15166,United Kingdom
530285,22457,CREAM CUPID HEARTS COAT HANGER,44,8/14/2025 14:49,2.75,14308,Netherlands
530003,22961,JUMBO BAG RED RETROSPOT,13,8/3/2025 7:28,2.08,16827,United Kingdom
530023,21212,PACK OF 72 RETROSPOT CAKE CASES,28,8/21/2025 0:46,0.55,17895,United Kingdom
C530402,85099B,PARTY BUNTING,-15,9/2/2025 4:29,4.65,18125,United Kingdom
530128,21172,CREAM CUPID HEARTS COAT HANGER,29,2/17/2025 9:14,2.75,15312,United Kingdom
530165,22961,JUMBO BAG RED RETROSPOT,1,7/28/2025 2:14,2.08,12929,Germany
530201,POST,POSTAGE,55,7/7/2025 2:50,18,15232,France
530045,22961,JUMBO BAG RED RETROSPOT,43,3/21/2025 6:18,2.08,13783,United Kingdom
530446,22961,JUMBO BAG RED RETROSPOT,32,10/5/2025 20:03,2.08,16292,United Kingdom
530353,85099B,PARTY BUNTING,14,6/30/2025 1:03,4.65,14304,Eire
530235,20725,LUNCH BAG RED RETROSPOT,37,4/19/2025 4:42,1.65,15950,UNITED KINGDOM
530482,22662,LUNCH BAG SUKI DESIGN,22,11/30/2025 19:08,1.65,14461,United Kingdom
530237,22720,POPCORN HOLDER,37,8/8/2025 17:49,0.85,17093,United Kingdom
530042,22961,JUMBO BAG RED RETROSPOT,54,2/17/2025 7:10,2.08,15329,United Kingdom
530232,22457,CREAM CUPID HEARTS COAT HANGER,52,10/12/2025 1:37,2.75,16600,United Kingdom
530445,21172,CREAM CUPID HEARTS COAT HANGER,30,6/30/2025 5:08,2.75,17900,United Kingdom
530079,85123A,ASSORTED COLOUR BIRD ORNAMENT,20,6/17/2025 12:44,1.69,14422,United Kingdom
530185,22423,REGENCY CAKESTAND 3 TIER,11,2/10/2025 19:55,12.75,15133,United Kingdom
530505,21232,JUMBO BAG VINTAGE DOILY,26,11/11/2025 6:28,2.05,16851,United Kingdom
C530220,20725,LUNCH BAG RED RETROSPOT,-48,9/1/2025 14:49,1.65,14965,United Kingdom
530268,21172,CREAM CUPID HEARTS COAT HANGER,33,2/1/2025 14:06,2.75,,United Kingdom
530112,22961B,RABBIT NIGHT LIGHT,14,12/25/2025 8:49,2.08,15021,United Kingdom
530011,22423,REGENCY CAKESTAND 3 TIER,24,4/18/2025 21:17,12.75,17749,United Kingdom
530150,21212,PACK OF 72 RETROSPOT CAKE CASES,39,5/28/2025 14:07,0.55,15839,Portugal
530234,21232,JUMBO BAG VINTAGE DOILY,56,5/28/2025 19:19,2.05,14880,United Kingdom
530085,22698,CREAM CUPID HEARTS COAT HANGER,22,5/1/2025 21:19,2.75,13840,United Kingdom
530246,85123A,ASSORTED COLOUR BIRD ORNAMENT,8,8/9/2025 3:18,1.69,17555,United Kingdom
530134,21755,SET 7 BABUSHKA NESTING BOXES,19,7/4/2025 5:19,8.5,12115,United Kingdom
530143,22197,POPCORN HOLDER,40,4/17/2025 20:13,0.85,14167,United Kingdom
530447,22197,POPCORN HOLDER,54,12/9/2025 1:48,0.85,12052,United Kingdom
530271,21212,PACK OF 72 RETROSPOT CAKE CASES,25,6/23/2025 21:38,0.55,12428,United Kingdom
530360,21755,SET 7 BABUSHKA NESTING BOXES,39,7/25/2025 16:02,8.5,12371,United Kingdom
530290,71053,WHITE METAL LANTERN,54,2/16/2025 7:52,3.39,15695,United Kingdom
530182,20725,LUNCH BAG RED RETROSPOT,29,12/22/2025 9:57,1.65,12237,United Kingdom
530364,22961B,RABBIT NIGHT LIGHT,22,9/18/2025 17:31,2.08,17805,United Kingdom
530306,22961,JUMBO BAG RED RETROSPOT,22,12/17/2025 14:44,2.08,15920,United Kingdom
530448,21232,JUMBO BAG VINTAGE DOILY,9,2/4/2025 22:09,2.05,12074,United Kingdom
530501,22662,LUNCH BAG SUKI DESIGN,21,6/3/2025 1:51,1.65,17822,United Kingdom
530463,85099B,PARTY BUNTING,37,12/13/2025 17:21,4.65,15144,United Kingdom
530004,22720,POPCORN HOLDER,52,3/23/2025 22:27,0.85,14787,United Kingdom
C530133,21172,CREAM CUPID HEARTS COAT HANGER,-18,9/26/2025 19:18,2.75,12823,Spain
530044,84406B,CREAM CUPID HEARTS COAT HANGER,25,8/21/2025 9:27,2.75,17706,United Kingdom
530352,21212,PACK OF 72 RETROSPOT CAKE CASES,32,2/16/2025 12:32,0.55,15745,United Kingdom
530250,21172,CREAM CUPID HEARTS COAT HANGER,48,3/31/2025 4:24,2.75,16362,United Kingdom
530289,21212,PACK OF 72 RETROSPOT CAKE CASES,6,5/20/2025 14:57,0.55,16205,United Kingdom
530284,85099B,PARTY BUNTING,35,6/8/2025 15:57,4.65,13589,United Kingdom
530203,22720,POPCORN HOLDER,38,11/23/2025 11:06,0.85,17528,United Kingdom
530135,22961,JUMBO BAG RED RETROSPOT,9,1/24/2025 1:35,2.08,14393,PORTUGAL
530430,85099B,PARTY BUNTING,20,8/26/2025 1:35,4.65,15380,PORTUGAL
530145,84406B,CREAM CUPID HEARTS COAT HANGER,27,12/19/2025 19:30,2.75,14385,PORTUGAL
530472,20725,LUNCH BAG RED RETROSPOT,9,4/6/2025 13:28,1.65,16562,United Kingdom
530508,21755,SET 7 BABUSHKA NESTING BOXES,30,5/15/2025 21:55,8.5,16009,United Kingdom
530071,85099B,PARTY BUNTING,2,7/24/2025 10:17,4.65,12568,United Kingdom
530118,22457,CREAM CUPID HEARTS COAT HANGER,5,11/28/2025 10:00,2.75,15441,United Kingdom
530464,71053,WHITE METAL LANTERN,51,9/14/2025 23:22,3.39,12439,United Kingdom
C530479,23084,RABBIT NIGHT LIGHT,-24,5/7/2025 23:40,2.08,16061,United Kingdom
530015,POST,POSTAGE,18,4/19/2025 18:56,18,17881,United Kingdom
530393,22662,LUNCH BAG SUKI DESIGN,42,4/6/2025 0:47,1.65,14761,United Kingdom
530216,85099B,PARTY BUNTING,22,11/2/2025 0:17,4.65,13185,United Kingdom
530074,22197,POPCORN HOLDER,7,8/11/2025 11:46,0.85,18442,Belgium
530329,22423,REGENCY CAKESTAND 3 TIER,46,7/5/2025 16:14,12.75,12994,United Kingdom
530510,22961B,RABBIT NIGHT LIGHT,8,6/30/2025 14:39,2.08,13413,United Kingdom
530248,POST,POSTAGE,39,1/4/2025 6:19,18,13730,United Kingdom
530094,22662,LUNCH BAG SUKI DESIGN,17,11/23/2025 8:49,1.65,18370,United Kingdom
530407,22961,JUMBO BAG RED RETROSPOT,10,6/17/2025 16:28,2.08,12952,United Kingdom
530406,22961B,RABBIT NIGHT LIGHT,8,10/8/2025 16:12,2.08,16691,United Kingdom
530497,22961B,RABBIT NIGHT LIGHT,45,3/19/2025 11:01,2.08,15954,UNITED KINGDOM
530093,21232,JUMBO BAG VINTAGE DOILY,54,8/17/2025 5:47,2.05,15888,Germany
530018,22961B,RABBIT NIGHT LIGHT,28,7/24/2025 11:14,2.08,13133,Eire
530283,85099B,PARTY BUNTING,29,5/26/2025 23:50,4.65,,Australia
530292,22457,CREAM CUPID HEARTS COAT HANGER,16,2/11/2025 11:14,2.75,12230,United Kingdom
530313,21172,CREAM CUPID HEARTS COAT HANGER,45,7/8/2025 16:17,2.75,12676,United Kingdom
530031,21212,PACK OF 72 RETROSPOT CAKE CASES,26,8/13/2025 16:28,0.55,12991,United Kingdom
530321,POST,POSTAGE,37,11/6/2025 4:43,18,15685,United Kingdom
530140,20725,LUNCH BAG RED RETROSPOT,9999,11/7/2025 19:50,1.65,17066,United Kingdom
530089,84406B,CREAM CUPID HEARTS COAT HANGER,58,8/6/2025 7:11,2.75,17700,United Kingdom
530158,22383,WHITE HANGING HEART T-LIGHT HOLDER,27,5/28/2025 21:25,2.95,18230,United Kingdom
C530286,POST,POSTAGE,-33,8/3/2025 5:52,18,13635,United Kingdom
530342,22961B,RABBIT NIGHT LIGHT,17,10/20/2025 13:39,2.08,17234,United Kingdom
530348,22383,WHITE HANGING HEART T-LIGHT HOLDER,16,3/4/2025 8:28,2.95,14030,United Kingdom
530141,85099B,PARTY BUNTING,50,7/14/2025 14:58,4.65,15626,United Kingdom
530382,71053,WHITE METAL LANTERN,7,10/28/2025 7:15,3.39,12415,Australia
530409,22662,  LUNCH BAG SUKI DESIGN  ,52,8/21/2025 4:32,1.65,15403,Australia
530243,22457,CREAM CUPID HEARTS COAT HANGER,20,10/18/2025 19:05,2.75,12430,Australia
530013,22662,LUNCH BAG SUKI DESIGN,25,11/24/2025 22:35,1.65,13799,Australia
530453,21232,JUMBO BAG VINTAGE DOILY,52,2/24/2025 3:33,2.05,13219,Australia
530077,22961,JUMBO BAG RED RETROSPOT,44,7/6/2025 13:04,2.08,17441,Australia
530509,85123A,ASSORTED COLOUR BIRD ORNAMENT,41,11/2/2025 12:39,1.69,15215,United Kingdom
530179,23084,RABBIT NIGHT LIGHT,55,12/12/2025 17:24,2.08,14594,United Kingdom
530177,84406B,CREAM CUPID HEARTS COAT HANGER,47,7/29/2025 20:09,2.75,12612,Germany
530462,22961B,RABBIT NIGHT LIGHT,10,2/9/2025 9:10,2.08,16619,Germany
530512,22383,WHITE HANGING HEART T-LIGHT HOLDER,8,6/6/2025 3:11,2.95,15058,Germany
530200,20725,LUNCH BAG RED RETROSPOT,30,3/14/2025 7:55,1.65,17540,United Kingdom
530033,85099B,PARTY BUNTING,38,1/4/2025 2:45,4.65,17169,United Kingdom
530062,22423,REGENCY CAKESTAND 3 TIER,48,10/10/2025 22:27,12.75,16594,United Kingdom
530122,22961B,RABBIT NIGHT LIGHT,18,5/6/2025 2:17,2.08,15692,Spain
530363,22383,WHITE HANGING HEART T-LIGHT HOLDER,11,11/12/2025 23:53,2.95,14451,Spain
530344,85099B,PARTY BUNTING,52,6/2/2025 14:04,4.65,17641,United Kingdom
530054,20725,LUNCH BAG RED RETROSPOT,5,4/20/2025 16:16,1.65,13085,Spain
530395,POST,POSTAGE,53,9/21/2025 10:05,18,15283,Germany
530239,22720,POPCORN HOLDER,2,5/20/2025 22:48,0.85,14531,United Kingdom
530356,POST,POSTAGE,4,10/15/2025 6:23,18,16532,Portugal
530371,21232,JUMBO BAG VINTAGE DOILY,10,12/20/2025 6:26,2.05,16110,United Kingdom
530420,22197,POPCORN HOLDER,52,11/11/2025 0:15,0.85,13688,United Kingdom
530502,20725,LUNCH BAG RED RETROSPOT,2,11/28/2025 3:43,1.65,13346,Germany
530040,22961,JUMBO BAG RED RETROSPOT,29,8/5/2025 5:17,2.08,15789,United Kingdom
530490,POST,POSTAGE,5,11/3/2025 15:37,18,15283,United Kingdom
530256,85099B,PARTY BUNTING,28,7/25/2025 16:05,4.65,15242,Spain
530073,22383,WHITE HANGING HEART T-LIGHT HOLDER,2,5/14/2025 5:37,2.95,14174,United Kingdom
530008,22698,CREAM CUPID HEARTS COAT HANGER,57,10/23/2025 6:45,2.75,12569,United Kingdom
530496,22961B,RABBIT NIGHT LIGHT,15,7/11/2025 12:29,2.08,18327,Portugal
530156,22423,REGENCY CAKESTAND 3 TIER,38,11/22/2025 15:05,12.75,15850,United Kingdom
530123,85099B,PARTY BUNTING,49,10/19/2025 19:42,4.65,15104,Portugal
530369,85123A,ASSORTED COLOUR BIRD ORNAMENT,41,3/17/2025 21:15,1.69,12258,Germany
530320,22197,POPCORN HOLDER,9,5/1/2025 20:23,0.85,14966,Spain
530125,22457,CREAM CUPID HEARTS COAT HANGER,52,6/24/2025 8:56,2.75,16883,Spain
530265,22457,CREAM CUPID HEARTS COAT HANGER,54,2/9/2025 20:55,2.75,12739,Spain
